{
  "anchors":
  { "A1" : { "p" : [0, 0, 0],
             "u" : [0.0, -1.0, 0.0],
             "v" : [-1.0, 0.0, 0.0]
    },
    "A2" : { "p" : [75, 0, 0],
             "u" : [0.0, -1.0, 0.0],
             "v" : [-1.0, 0.0, 0.0]
    },
    "A3" : { "p" : [75, 0, -65],
             "u" : [0.0, -1.0, 0.0],
             "v" : [-1.0, 0.0, 0.0]
    },
    "A4" : { "p" : [0, 0, -65],
             "u" : [0.0, -1.0, 0.0],
             "v" : [-1.0, 0.0, 0.0]
    },
    "B1" : { "p" : [319.544, 397.239, 24.5103],
             "u" : [-0.1191495581406404, 0.0, 0.9928763179746459],
             "v" : [0.7045746749636478, 0.7045746749636478, 0.08455208335540913]
    },
    "B2" : { "p" : [267.527, 435.302, 18.2683],
             "u" : [-0.1191495581406404, 0.0, 0.9928763179746459],
             "v" : [0.7045746749636478, 0.7045746749636478, 0.08455208335540913]
    },
    "B3" : { "p" : [232.511, 386.761, 14.0664],
             "u" : [-0.1191495581406404, 0.0, 0.9928763179746459],
             "v" : [0.7045746749636478, 0.7045746749636478, 0.08455208335540913]
    },
    "B4" : { "p" : [284.528, 348.698, 20.3084],
             "u" : [-0.1191495581406404, 0.0, 0.9928763179746459],
             "v" : [0.7045746749636478, 0.7045746749636478, 0.08455208335540913]
    },
    "C1" : { "p" : [373.548, 497.931, -23.0344],
             "u" : [0.0, 0.9678574692495981, 0.2514993423803793],
             "v" : [0.24390391204726353, 0.24390391204726353, -0.9386275956821649]
    },
    "C2" : { "p" : [437.96, 509.869, -68.9537],
             "u" : [0.0, 0.9678574692495981, 0.2514993423803793],
             "v" : [0.24390391204726353, 0.24390391204726353, -0.9386275956821649]
    },
    "D1" : { "p" : [600, 0, 72],
             "u" : [0.0, -1.0, 0.0],
             "v" : [-1.0, 0.0, 0.0]
    },
    "D2" : { "p" : [675, 0, 72],
             "u" : [0.0, -1.0, 0.0],
             "v" : [-1.0, 0.0, 0.0]
    },
    "D3" : { "p" : [675, 0, 7],
             "u" : [0.0, -1.0, 0.0],
             "v" : [-1.0, 0.0, 0.0]
    },
    "D4" : { "p" : [600, 0, 7],
             "u" : [0.0, -1.0, 0.0],
             "v" : [-1.0, 0.0, 0.0]
    }
  },
    "properties": {
      "material" : {"value" :  "STEEL", "unit" :  null}
    }
}